[
  {
    "Id": "0",
    "Name": "LoadDriver 0.1",
    "DevelopmentStatus": "Beta",
    "Description": "Initial release of LoadDriver.",
    "ReleasedDatge": "0001-01-01T00:00:00",
    "ModifiedDate": "2009-10-21T11:35:54.53-07:00",
    "Files": [
      {
        "Id": "e4c2461a-3162-45e6-840a-2314274d90e1",
        "FileName": "LoadDriver_0.1_src.zip",
        "Url": "./0/e4c2461a-3162-45e6-840a-2314274d90e1",
        "Type": "Source Code",
        "UploadDate": "2009-10-21T11:34:51.44-07:00"
      },
      {
        "Id": "a9a3fd56-5c45-4409-a1f3-e74759a9b56c",
        "FileName": "LoadDriver_0.1_bin.zip",
        "Url": "./0/a9a3fd56-5c45-4409-a1f3-e74759a9b56c",
        "Type": "Application",
        "UploadDate": "2009-10-21T11:34:51.44-07:00"
      }
    ]
  },
  {
    "Id": "1",
    "Name": "LoadDriver 0.2",
    "DevelopmentStatus": "Beta",
    "Description": "Minor update. No feature changes, but support for building LoadDriver in Platform Builder.",
    "ReleasedDatge": "0001-01-01T00:00:00",
    "ModifiedDate": "2009-10-29T22:59:15.733-07:00",
    "Files": [
      {
        "Id": "e8ed8eee-0777-4cd2-9d6c-c467eb776997",
        "FileName": "LoadDriver_src_0.2.zip",
        "Url": "./1/e8ed8eee-0777-4cd2-9d6c-c467eb776997",
        "Type": "Source Code",
        "UploadDate": "2009-10-29T22:57:43.963-07:00"
      },
      {
        "Id": "b9252d5e-dec2-4b04-a243-aeac3b6dd9f7",
        "FileName": "LoadDriver_bin_armv4i_0.2.zip",
        "Url": "./1/b9252d5e-dec2-4b04-a243-aeac3b6dd9f7",
        "Type": "Application",
        "UploadDate": "2009-10-29T22:57:43.963-07:00"
      }
    ]
  }
]