[
  {
    "Title": "Using CeLog to capture RETAILMSG output from drivers and applications",
    "Id": "437229",
    "ParentWikiTitle": "Documentation",
    "FileExtension": "codeplexwiki",
    "UpdatedDate": "2011-06-13T08:16:40.057-07:00",
    "FileAttachments": []
  },
  {
    "Title": "Home",
    "Id": "429888",
    "ParentWikiTitle": "Home",
    "FileExtension": "codeplexwiki",
    "UpdatedDate": "2011-05-27T12:57:47.153-07:00",
    "FileAttachments": []
  },
  {
    "Title": "Documentation",
    "Id": "429883",
    "ParentWikiTitle": "Documentation",
    "FileExtension": "codeplexwiki",
    "UpdatedDate": "2011-05-27T12:51:23.633-07:00",
    "FileAttachments": []
  },
  {
    "Title": "Windows CE LoadDriver",
    "Id": "429875",
    "ParentWikiTitle": "Documentation",
    "FileExtension": "codeplexwiki",
    "UpdatedDate": "2011-05-27T12:45:42.837-07:00",
    "FileAttachments": []
  }
]
